Matrix Size,Time (seconds)
4,0.000000
8,0.000000
16,0.000000
32,0.000205
64,0.003431
128,0.029455
256,0.221372
512,1.348070
1024,9.630479
2048,66.847539
4096,462.927155
