Matrix Size,Time (seconds)
4,0.000000
8,0.000000
16,0.000000
32,0.000902
64,0.006896
128,0.031447
256,0.192672
512,1.339085
