Matrix Size,Time (seconds)
4,0.000000
8,0.000000
16,0.000000
32,0.000338
64,0.003440
128,0.029297
256,0.196462
512,1.351819
1024,9.459285
2048,66.863956
4096,464.037306
