Matrix Size,Time (seconds)
4,0.000000
8,0.000000
16,0.000000
32,0.000000
64,0.000000
128,0.003214
256,0.038311
