Matrix Size,Time (seconds)
4,0.000000
8,0.000000
16,0.000000
32,0.000000
64,0.000000
128,0.030220
256,0.193444
512,1.347011
1024,9.440004
2048,65.830985
4096,461.923007
