Matrix Size,Time (seconds)
4,0.000000
8,0.000000
16,0.000000
32,0.000000
64,0.014511
128,0.032374
256,0.195938
512,1.343811
1024,9.434472
2048,65.734196
4096,460.188229
