Matrix Size,Time (seconds)
4,0.000000
8,0.000000
16,0.000000
32,0.000000
64,0.000000
128,0.002155
256,0.021434
512,0.129726
1024,0.899306
